{
  "bear": {
    "n_predictions": 176,
    "mae": 17.950173464688387,
    "mse": 446.6746376805928,
    "rmse": 21.134678556358335,
    "mape": 6.772688747954231,
    "smape": 6.673818307513274,
    "rmsle": 0.07855923989338709,
    "mean_forecast_error": 3.788262800736861,
    "median_absolute_error": 16.91028594970703,
    "direction_accuracy": 47.72727272727273,
    "up_accuracy": 62.82051282051282,
    "down_accuracy": 35.714285714285715,
    "pearson_corr": 0.7321455828774743,
    "spearman_corr": 0.740335395482944,
    "hit_ratio": 47.72727272727273,
    "information_coefficient": 0.08074995942978092,
    "pred_up_fraction": 61.36363636363637,
    "actual_up_fraction": 44.31818181818182,
    "low_sample_warning": false,
    "direction_bias_warning": false,
    "reliability_notes": []
  },
  "bull": {
    "n_predictions": 271,
    "mae": 37.235569070626006,
    "mse": 1938.9819526115296,
    "rmse": 44.03387278688452,
    "mape": 11.400750404934278,
    "smape": 12.334440641294037,
    "rmsle": 0.1446829239499204,
    "mean_forecast_error": -35.51710239987532,
    "median_absolute_error": 36.832122802734375,
    "direction_accuracy": 47.97047970479705,
    "up_accuracy": 9.929078014184398,
    "down_accuracy": 89.23076923076924,
    "pearson_corr": 0.5606691501848876,
    "spearman_corr": 0.5009773780102315,
    "hit_ratio": 47.97047970479705,
    "information_coefficient": 0.10635650294256692,
    "pred_up_fraction": 7.7490774907749085,
    "actual_up_fraction": 52.02952029520295,
    "low_sample_warning": false,
    "direction_bias_warning": true,
    "reliability_notes": [
      "model predicted DOWN on 92% of predictions -- accuracy mostly reflects the market's own base rate here, not real directional skill"
    ]
  },
  "sideways": {
    "n_predictions": 153,
    "mae": 21.923911400090635,
    "mse": 778.5374672333512,
    "rmse": 27.902284265510435,
    "mape": 7.468301065393354,
    "smape": 7.6838688161385145,
    "rmsle": 0.09539255923653527,
    "mean_forecast_error": -7.311169493432138,
    "median_absolute_error": 16.783187866210938,
    "direction_accuracy": 44.44444444444444,
    "up_accuracy": 48.75,
    "down_accuracy": 40.27777777777778,
    "pearson_corr": 0.6839018569982127,
    "spearman_corr": 0.7242443711590761,
    "hit_ratio": 44.44444444444444,
    "information_coefficient": 0.05552530662836223,
    "pred_up_fraction": 51.633986928104584,
    "actual_up_fraction": 52.28758169934641,
    "low_sample_warning": false,
    "direction_bias_warning": false,
    "reliability_notes": []
  }
}